"Error","Query","Table","Variable","PID","Info"
"Table Structure","Unexpected Variable","tblBAS","forced_error","",""
"Value Error","Unexpected Type","tblBAS","birth_d","1018","birth_d=x&type=date"
"Value Error","Unexpected Type","tblBAS","enrol_d","1018","enrol_d=x&type=date"
"Value Error","Unexpected Type","tblBAS","recart_d","1018","recart_d=x&type=date"
"Value Error","Unexpected Type","tblBAS","aids_d","1018","aids_d=x&type=date"
"Logic","Duplicate Record","tblBAS","patient","1014","patient  = 1014"
"Value Error","Unexpected Code","tblBAS","gender","1018","gender=x"
"Value Error","Unexpected Code","tblBAS","mode","1018","mode=x"
"Value Error","Unexpected Code","tblBAS","naive_y","1018","naive_y=x"
"Value Error","Unexpected Code","tblBAS","proph_y","1018","proph_y=x"
"Value Error","Unexpected Code","tblBAS","recart_y","1018","recart_y=x"
"Value Error","Unexpected Code","tblBAS","aids_y","1018","aids_y=x"
"Value Error","Unexpected Code","tblBAS","birth_d_a","1018","birth_d_a=x"
"Value Error","Unexpected Code","tblBAS","enrol_d_a","1018","enrol_d_a=x"
"Value Error","Unexpected Code","tblBAS","recart_d_a","1018","recart_d_a=x"
"Value Error","Unexpected Code","tblBAS","aids_d_a","1018","aids_d_a=x"
"Logic","Unexpected Record","tblBAS","program","1018","program = x"
"Value Error","Unexpected Type","tblLTFU","death_d","1001","death_d= &type=date"
"Value Error","Unexpected Type","tblLTFU","death_d","1002","death_d= &type=date"
"Value Error","Unexpected Type","tblLTFU","death_d","1003","death_d= &type=date"
"Value Error","Unexpected Type","tblLTFU","death_d","1004","death_d= &type=date"
"Value Error","Unexpected Type","tblLTFU","death_d","1005","death_d= &type=date"
"Value Error","Unexpected Type","tblLTFU","death_d","1006","death_d= &type=date"
"Value Error","Unexpected Type","tblLTFU","death_d","1007","death_d= &type=date"
"Value Error","Unexpected Type","tblLTFU","death_d","1008","death_d= &type=date"
"Value Error","Unexpected Type","tblLTFU","death_d","1010","death_d= &type=date"
"Value Error","Unexpected Type","tblLTFU","death_d","1011","death_d= &type=date"
"Value Error","Unexpected Type","tblLTFU","death_d","1012","death_d= &type=date"
"Value Error","Unexpected Type","tblLTFU","death_d","1013","death_d= &type=date"
"Value Error","Unexpected Type","tblLTFU","death_d","1014","death_d= &type=date"
"Value Error","Unexpected Type","tblLTFU","death_d","1014","death_d= &type=date"
"Value Error","Unexpected Type","tblLTFU","death_d","1016","death_d= &type=date"
"Value Error","Unexpected Type","tblLTFU","death_d","1017","death_d= &type=date"
"Value Error","Unexpected Type","tblLTFU","death_d","1018","death_d= &type=date"
"Value Error","Unexpected Type","tblLTFU","death_d","1019","death_d= &type=date"
"Value Error","Unexpected Type","tblLTFU","l_alive_d","1000","l_alive_d= &type=date"
"Value Error","Unexpected Type","tblLTFU","l_alive_d","1001","l_alive_d= &type=date"
"Value Error","Unexpected Type","tblLTFU","l_alive_d","1003","l_alive_d= &type=date"
"Value Error","Unexpected Type","tblLTFU","l_alive_d","1004","l_alive_d= &type=date"
"Value Error","Unexpected Type","tblLTFU","l_alive_d","1005","l_alive_d= &type=date"
"Value Error","Unexpected Type","tblLTFU","l_alive_d","1006","l_alive_d= &type=date"
"Value Error","Unexpected Type","tblLTFU","l_alive_d","1007","l_alive_d= &type=date"
"Value Error","Unexpected Type","tblLTFU","l_alive_d","1008","l_alive_d= &type=date"
"Value Error","Unexpected Type","tblLTFU","l_alive_d","1010","l_alive_d= &type=date"
"Value Error","Unexpected Type","tblLTFU","l_alive_d","1010","l_alive_d= &type=date"
"Value Error","Unexpected Type","tblLTFU","l_alive_d","1011","l_alive_d= &type=date"
"Value Error","Unexpected Type","tblLTFU","l_alive_d","1012","l_alive_d= &type=date"
"Value Error","Unexpected Type","tblLTFU","l_alive_d","1013","l_alive_d= &type=date"
"Value Error","Unexpected Type","tblLTFU","l_alive_d","1014","l_alive_d= &type=date"
"Value Error","Unexpected Type","tblLTFU","l_alive_d","1014","l_alive_d= &type=date"
"Value Error","Unexpected Type","tblLTFU","l_alive_d","1015","l_alive_d= &type=date"
"Value Error","Unexpected Type","tblLTFU","l_alive_d","1016","l_alive_d= &type=date"
"Value Error","Unexpected Type","tblLTFU","l_alive_d","1017","l_alive_d= &type=date"
"Value Error","Unexpected Type","tblLTFU","transfer_d","1000","transfer_d= &type=date"
"Value Error","Unexpected Type","tblLTFU","transfer_d","1001","transfer_d= &type=date"
"Value Error","Unexpected Type","tblLTFU","transfer_d","1002","transfer_d= &type=date"
"Value Error","Unexpected Type","tblLTFU","transfer_d","1003","transfer_d= &type=date"
"Value Error","Unexpected Type","tblLTFU","transfer_d","1005","transfer_d= &type=date"
"Value Error","Unexpected Type","tblLTFU","transfer_d","1006","transfer_d= &type=date"
"Value Error","Unexpected Type","tblLTFU","transfer_d","1007","transfer_d= &type=date"
"Value Error","Unexpected Type","tblLTFU","transfer_d","1008","transfer_d= &type=date"
"Value Error","Unexpected Type","tblLTFU","transfer_d","1010","transfer_d= &type=date"
"Value Error","Unexpected Type","tblLTFU","transfer_d","1010","transfer_d= &type=date"
"Value Error","Unexpected Type","tblLTFU","transfer_d","1011","transfer_d= &type=date"
"Value Error","Unexpected Type","tblLTFU","transfer_d","1012","transfer_d= &type=date"
"Value Error","Unexpected Type","tblLTFU","transfer_d","1013","transfer_d= &type=date"
"Value Error","Unexpected Type","tblLTFU","transfer_d","1014","transfer_d= &type=date"
"Value Error","Unexpected Type","tblLTFU","transfer_d","1014","transfer_d= &type=date"
"Value Error","Unexpected Type","tblLTFU","transfer_d","1015","transfer_d= &type=date"
"Value Error","Unexpected Type","tblLTFU","transfer_d","1016","transfer_d= &type=date"
"Value Error","Unexpected Type","tblLTFU","transfer_d","1018","transfer_d= &type=date"
"Value Error","Unexpected Type","tblLTFU","transfer_d","1019","transfer_d= &type=date"
"Logic","Out of Order","tblLTFU & tblBAS","birth_d&death_d","1000","birth_d=2001-01-07&death_d=2000-01-01"
"Logic","Out of Order","tblLTFU & tblBAS","birth_d&death_d","1010","birth_d=2001-01-17&death_d=2000-01-01"
"Logic","Out of Order","tblLTFU & tblBAS","enrol_d&death_d","1000","enrol_d=2001-02-07&death_d=2000-01-01"
"Logic","Out of Order","tblLTFU & tblBAS","enrol_d&death_d","1010","enrol_d=2001-02-17&death_d=2000-01-01"
"Logic","Date in the Future","tblLTFU","motherdeath_d","1001","databaseclose=2013-12-01&motherdeath_d=2014-10-10"
"Logic","Date in the Future","tblLTFU","motherdeath_d","1003","databaseclose=2013-12-01&motherdeath_d=2014-10-10"
"Logic","Date in the Future","tblLTFU","motherdeath_d","1005","databaseclose=2013-12-01&motherdeath_d=2014-10-10"
"Logic","Date in the Future","tblLTFU","motherdeath_d","1007","databaseclose=2013-12-01&motherdeath_d=2014-10-10"
"Logic","Date in the Future","tblLTFU","motherdeath_d","1010","databaseclose=2013-12-01&motherdeath_d=2014-10-10"
"Logic","Date in the Future","tblLTFU","motherdeath_d","1013","databaseclose=2013-12-01&motherdeath_d=2014-10-10"
"Logic","Date in the Future","tblLTFU","motherdeath_d","1018","databaseclose=2013-12-01&motherdeath_d=2014-10-10"
"Logic","Date in the Future","tblLTFU","fatherdeath_d","1001","databaseclose=2013-12-01&fatherdeath_d=2014-10-20"
"Logic","Date in the Future","tblLTFU","fatherdeath_d","1003","databaseclose=2013-12-01&fatherdeath_d=2014-10-20"
"Logic","Date in the Future","tblLTFU","fatherdeath_d","1005","databaseclose=2013-12-01&fatherdeath_d=2014-10-20"
"Logic","Date in the Future","tblLTFU","fatherdeath_d","1007","databaseclose=2013-12-01&fatherdeath_d=2014-10-20"
"Logic","Date in the Future","tblLTFU","fatherdeath_d","1010","databaseclose=2013-12-01&fatherdeath_d=2014-10-20"
"Logic","Date in the Future","tblLTFU","fatherdeath_d","1013","databaseclose=2013-12-01&fatherdeath_d=2014-10-20"
"Logic","Date in the Future","tblLTFU","fatherdeath_d","1018","databaseclose=2013-12-01&fatherdeath_d=2014-10-20"
"Logic","Duplicate Record","tblLTFU","patient","1010","patient  = 1010"
"Logic","Duplicate Record","tblLTFU","patient","1014","patient  = 1014"
"Value Error","Unexpected Code","tblLTFU","death_d_a","1002","death_d_a=x"
"Value Error","Unexpected Code","tblLTFU","death_d_a","1007","death_d_a=Y "
"Value Error","Unexpected Code","tblLTFU","death_d_a","1014","death_d_a=Y "
"Value Error","Unexpected Code","tblLTFU","l_alive_d_a","1002","l_alive_d_a=x"
"Value Error","Unexpected Code","tblLTFU","l_alive_d_a","1007","l_alive_d_a=Y "
"Value Error","Unexpected Code","tblLTFU","l_alive_d_a","1014","l_alive_d_a=Y "
"Value Error","Unexpected Code","tblLTFU","transfer_d_a","1002","transfer_d_a=x"
"Value Error","Unexpected Code","tblLTFU","transfer_d_a","1007","transfer_d_a=Y "
"Value Error","Unexpected Code","tblLTFU","transfer_d_a","1014","transfer_d_a=Y "
"Table Structure","Unexpected Variable","tblART","forced_error","",""
"Value Error","Unexpected Type","tblART","art_sd","1018","art_sd=x&type=date"
"Value Error","Unexpected Type","tblART","art_ed","1018","art_ed=x&type=date"
"Logic","Out of Order","tblART & tblBAS","birth_d&art_sd","1014","birth_d=2001-01-22&art_sd=2001-01-21"
"Logic","Out of Order","tblART & tblLTFU","art_sd&death_d","1000","art_sd=2001-01-07&death_d=2000-01-01"
"Logic","Out of Order","tblART & tblLTFU","art_sd&death_d","1010","art_sd=2001-01-17&death_d=2000-01-01"
"Logic","Out of Order","tblART & tblLTFU","art_sd&death_d","1015","art_sd=2001-01-23&death_d=2000-01-01"
"Logic","Out of Order","tblART & tblLTFU","art_ed&death_d","1000","art_ed=2001-02-07&death_d=2000-01-01"
"Logic","Out of Order","tblART & tblLTFU","art_ed&death_d","1010","art_ed=2001-02-17&death_d=2000-01-01"
"Logic","Out of Order","tblART & tblLTFU","art_ed&death_d","1015","art_ed=2001-02-23&death_d=2000-01-01"
"Value Error","Unexpected Code","tblART","art_id","1018","art_id=x"
"Value Error","Unexpected Code","tblART","art_rs","1018","art_rs=x"
"Value Error","Unexpected Code","tblART","art_rs2","1018","art_rs2=x"
"Value Error","Unexpected Code","tblART","art_rs3","1018","art_rs3=x"
"Value Error","Unexpected Code","tblART","art_rs4","1018","art_rs4=x"
"Value Error","Unexpected Code","tblART","art_form","1018","art_form=x"
"Value Error","Unexpected Code","tblART","art_comb","1018","art_comb=x"
"Value Error","Unexpected Code","tblART","art_sd_a","1018","art_sd_a=x"
"Value Error","Unexpected Code","tblART","art_ed_a","1018","art_ed_a=x"
"Value Error","Unexpected Code","tblART","artstart_rs","1018","artstart_rs=x"
"Table Structure","Unexpected Variable","tblVIS","forced_error","",""
"Table Structure","Missing Variable","tblVIS","brought_patient","",""
"Table Structure","Missing Variable","tblVIS","live_with","",""
"Table Structure","Missing Variable","tblVIS","hiv_status","",""
"Table Structure","Missing Variable","tblVIS","status_known","",""
"Table Structure","Missing Variable","tblVIS","school","",""
"Table Structure","Missing Variable","tblVIS","school_lvl","",""
"Value Error","Unexpected Type","tblVIS","vis_d","146","vis_d=X&type=date"
"Logic","Date in the Future","tblVIS","vis_d","147","databaseclose=2013-12-01&vis_d=2015-06-06"
"Logic","Out of Range","tblVIS","weigh","147","weigh=9999"
"Value Error","Unexpected Code","tblVIS","cdc_stage","100","cdc_stage=N"
"Value Error","Unexpected Code","tblVIS","cdc_stage","114","cdc_stage=N"
"Value Error","Unexpected Code","tblVIS","cdc_stage","128","cdc_stage=N"
"Value Error","Unexpected Code","tblVIS","cdc_stage","142","cdc_stage=N"
"Value Error","Unexpected Code","tblVIS","cdc_stage","146","cdc_stage= x"
"Value Error","Unexpected Code","tblVIS","cdc_stage","147","cdc_stage=Y"
"Value Error","Unexpected Code","tblVIS","vis_d_a","146","vis_d_a=X"
"Value Error","Unexpected Code","tblVIS","smoking_y","146","smoking_y=x"
"Value Error","Unexpected Code","tblVIS","preg_y","146","preg_y=x"
"Value Error","Unexpected Code","tblVIS","breastf_y","146","breastf_y=x"
"Value Error","Unexpected Code","tblVIS","feedoth_y","146","feedoth_y=x"
"Value Error","Unexpected Code","tblVIS","gender_id","146","gender_id=X"
"Value Error","Unexpected Code","tblVIS","gender_id","147","gender_id=999"
"Logic","Unexpected Record","tblVIS","patient","105","patient = 105"
"Logic","Unexpected Record","tblVIS","patient","106","patient = 106"
"Logic","Unexpected Record","tblVIS","patient","107","patient = 107"
"Logic","Unexpected Record","tblVIS","patient","108","patient = 108"
"Logic","Unexpected Record","tblVIS","patient","109","patient = 109"
"Logic","Unexpected Record","tblVIS","patient","110","patient = 110"
"Logic","Unexpected Record","tblVIS","patient","111","patient = 111"
"Logic","Unexpected Record","tblVIS","patient","112","patient = 112"
"Logic","Unexpected Record","tblVIS","patient","113","patient = 113"
"Logic","Unexpected Record","tblVIS","patient","114","patient = 114"
"Logic","Unexpected Record","tblVIS","patient","115","patient = 115"
"Logic","Unexpected Record","tblVIS","patient","116","patient = 116"
"Logic","Unexpected Record","tblVIS","patient","117","patient = 117"
"Logic","Unexpected Record","tblVIS","patient","118","patient = 118"
"Logic","Unexpected Record","tblVIS","patient","119","patient = 119"
"Logic","Unexpected Record","tblVIS","patient","120","patient = 120"
"Logic","Unexpected Record","tblVIS","patient","121","patient = 121"
"Logic","Unexpected Record","tblVIS","patient","122","patient = 122"
"Logic","Unexpected Record","tblVIS","patient","123","patient = 123"
"Logic","Unexpected Record","tblVIS","patient","124","patient = 124"
"Logic","Unexpected Record","tblVIS","patient","125","patient = 125"
"Logic","Unexpected Record","tblVIS","patient","126","patient = 126"
"Logic","Unexpected Record","tblVIS","patient","127","patient = 127"
"Logic","Unexpected Record","tblVIS","patient","128","patient = 128"
"Logic","Unexpected Record","tblVIS","patient","129","patient = 129"
"Logic","Unexpected Record","tblVIS","patient","130","patient = 130"
"Logic","Unexpected Record","tblVIS","patient","131","patient = 131"
"Logic","Unexpected Record","tblVIS","patient","132","patient = 132"
"Logic","Unexpected Record","tblVIS","patient","133","patient = 133"
"Logic","Unexpected Record","tblVIS","patient","134","patient = 134"
"Logic","Unexpected Record","tblVIS","patient","135","patient = 135"
"Logic","Unexpected Record","tblVIS","patient","136","patient = 136"
"Logic","Unexpected Record","tblVIS","patient","137","patient = 137"
"Logic","Unexpected Record","tblVIS","patient","138","patient = 138"
"Logic","Unexpected Record","tblVIS","patient","139","patient = 139"
"Logic","Unexpected Record","tblVIS","patient","140","patient = 140"
"Logic","Unexpected Record","tblVIS","patient","141","patient = 141"
"Logic","Unexpected Record","tblVIS","patient","142","patient = 142"
"Logic","Unexpected Record","tblVIS","patient","143","patient = 143"
"Logic","Unexpected Record","tblVIS","patient","144","patient = 144"
"Logic","Unexpected Record","tblVIS","patient","145","patient = 145"
"Logic","Unexpected Record","tblVIS","patient","146","patient = 146"
"Logic","Unexpected Record","tblVIS","patient","147","patient = 147"
"Logic","Missing Record","tblVIS","patient","9004","patient = 9004"
"Logic","Missing Record","tblVIS","patient","1000","patient = 1000"
"Logic","Missing Record","tblVIS","patient","1001","patient = 1001"
"Logic","Missing Record","tblVIS","patient","1002","patient = 1002"
"Logic","Missing Record","tblVIS","patient","1003","patient = 1003"
"Logic","Missing Record","tblVIS","patient","1004","patient = 1004"
"Logic","Missing Record","tblVIS","patient","1005","patient = 1005"
"Logic","Missing Record","tblVIS","patient","1006","patient = 1006"
"Logic","Missing Record","tblVIS","patient","1007","patient = 1007"
"Logic","Missing Record","tblVIS","patient","1008","patient = 1008"
"Logic","Missing Record","tblVIS","patient","1009","patient = 1009"
"Logic","Missing Record","tblVIS","patient","1010","patient = 1010"
"Logic","Missing Record","tblVIS","patient","1011","patient = 1011"
"Logic","Missing Record","tblVIS","patient","1012","patient = 1012"
"Logic","Missing Record","tblVIS","patient","1013","patient = 1013"
"Logic","Missing Record","tblVIS","patient","1014","patient = 1014"
"Logic","Missing Record","tblVIS","patient","1014","patient = 1014"
"Logic","Missing Record","tblVIS","patient","1015","patient = 1015"
"Logic","Missing Record","tblVIS","patient","1016","patient = 1016"
"Logic","Missing Record","tblVIS","patient","1017","patient = 1017"
"Logic","Missing Record","tblVIS","patient","1018","patient = 1018"
"Table Structure","Unexpected Variable","tblDELIVERY_CHILD","forced_errors","",""
"Value Error","Unexpected Type","tblDELIVERY_CHILD","deliv_d","1002","deliv_d=2014-30-12&type=date"
"Value Error","Unexpected Type","tblDELIVERY_CHILD","deliv_d","1018","deliv_d= &type=date"
"Missing Value","Missing Value","tblDELIVERY_CHILD","child_enrol","1018",""
"Missing Value","Missing Value","tblDELIVERY_CHILD","deliv_m","1018",""
"Missing Value","Missing Value","tblDELIVERY_CHILD","breech_y","1018",""
"Logic","Out of Order","tblDELIVERY_CHILD & tblBAS","birth_d&deliv_d",NA,"birth_d=NA&deliv_d=NA"
"Logic","Out of Order","tblDELIVERY_CHILD & tblBAS","birth_d&deliv_d","1016","birth_d=2001-01-24&deliv_d=2000-01-01"
"Logic","Out of Order","tblDELIVERY_CHILD & tblBAS","birth_d&deliv_d","1016","birth_d=2001-01-24&deliv_d=2000-01-01"
"Logic","Out of Order","tblDELIVERY_CHILD & tblLTFU","deliv_d&death_d","1000","deliv_d=2014-01-01&death_d=2000-01-01"
"Logic","Out of Order","tblDELIVERY_CHILD & tblLTFU","deliv_d&death_d","1010","deliv_d=2014-01-09&death_d=2000-01-01"
"Logic","Date in the Future","tblDELIVERY_CHILD","deliv_d","1001","databaseclose=2013-12-01&deliv_d=2014-01-02"
"Logic","Date in the Future","tblDELIVERY_CHILD","deliv_d","1003","databaseclose=2013-12-01&deliv_d=2014-01-02"
"Logic","Date in the Future","tblDELIVERY_CHILD","deliv_d","1005","databaseclose=2013-12-01&deliv_d=2014-01-04"
"Logic","Date in the Future","tblDELIVERY_CHILD","deliv_d","1007","databaseclose=2013-12-01&deliv_d=2014-01-06"
"Logic","Date in the Future","tblDELIVERY_CHILD","deliv_d","1009","databaseclose=2013-12-01&deliv_d=2014-01-08"
"Logic","Date in the Future","tblDELIVERY_CHILD","deliv_d","1009","databaseclose=2013-12-01&deliv_d=2014-01-08"
"Logic","Date in the Future","tblDELIVERY_CHILD","deliv_d","1011","databaseclose=2013-12-01&deliv_d=2014-01-10"
"Logic","Date in the Future","tblDELIVERY_CHILD","deliv_d","1013","databaseclose=2013-12-01&deliv_d=2014-01-12"
"Logic","Date in the Future","tblDELIVERY_CHILD","deliv_d","1014","databaseclose=2013-12-01&deliv_d=2014-01-14"
"Logic","Date in the Future","tblDELIVERY_CHILD","deliv_d","1015","databaseclose=2013-12-01&deliv_d=2014-01-15"
"Logic","Date in the Future","tblDELIVERY_CHILD","deliv_d","1017","databaseclose=2013-12-01&deliv_d=2014-01-02"
"Logic","Duplicate Record","tblDELIVERY_CHILD","mother_id&deliv_d&child_id","1009","mother_id=1009&deliv_d=2014-01-08&child_id=1009-01"
"Value Error","Unexpected Code","tblDELIVERY_CHILD","child_enrol","1002","child_enrol=88"
"Value Error","Unexpected Code","tblDELIVERY_CHILD","child_enrol","1005","child_enrol=88"
"Value Error","Unexpected Code","tblDELIVERY_CHILD","child_enrol","1008","child_enrol=88"
"Value Error","Unexpected Code","tblDELIVERY_CHILD","child_enrol","1011","child_enrol=88"
"Value Error","Unexpected Code","tblDELIVERY_CHILD","child_enrol","1014","child_enrol=88"
"Value Error","Unexpected Code","tblDELIVERY_CHILD","child_enrol","1014","child_enrol=88"
"Value Error","Unexpected Code","tblDELIVERY_CHILD","child_enrol","1015","child_enrol=88"
"Value Error","Unexpected Code","tblDELIVERY_CHILD","child_enrol","1016","child_enrol=88"
"Value Error","Unexpected Code","tblDELIVERY_CHILD","child_enrol","1017","child_enrol=88"
"Value Error","Unexpected Code","tblDELIVERY_CHILD","deliv_d_a","1002","deliv_d_a=x"
"Value Error","Unexpected Code","tblDELIVERY_CHILD","deliv_d_a","1007","deliv_d_a=Y "
"Value Error","Unexpected Code","tblDELIVERY_CHILD","deliv_d_a","1013","deliv_d_a=Y "
"Value Error","Unexpected Code","tblDELIVERY_CHILD","deliv_d_a","1018","deliv_d_a= "
"Value Error","Unexpected Code","tblDELIVERY_CHILD","deliv_m","1002","deliv_m=999"
"Value Error","Unexpected Code","tblDELIVERY_CHILD","breech_y","1002","breech_y=999"
"Logic","Unexpected Record","tblDELIVERY_CHILD","mother_id","1009","mother_id = 1009"
"Logic","Unexpected Record","tblDELIVERY_CHILD","mother_id","1009","mother_id = 1009"
"Logic","Unexpected Record","tblDELIVERY_CHILD","child_id","1009-01","child_id = 1009-01"
"Logic","Unexpected Record","tblDELIVERY_CHILD","child_id","1009-01","child_id = 1009-01"
"Logic","Unexpected Record","tblDELIVERY_CHILD","child_id","1010-01","child_id = 1010-01"
"Logic","Unexpected Record","tblDELIVERY_CHILD","child_id","1011-01","child_id = 1011-01"
"Logic","Unexpected Record","tblDELIVERY_CHILD","child_id","1012-01","child_id = 1012-01"
"Logic","Unexpected Record","tblDELIVERY_CHILD","child_id","1013-01","child_id = 1013-01"
"Logic","Unexpected Record","tblDELIVERY_CHILD","child_id","1014-01","child_id = 1014-01"
"Logic","Unexpected Record","tblDELIVERY_CHILD","child_id","1014-02","child_id = 1014-02"
"Logic","Unexpected Record","tblDELIVERY_CHILD","child_id","1015","child_id = 1015"
"Logic","Unexpected Record","tblDELIVERY_CHILD","child_id","1016","child_id = 1016"
"Logic","Unexpected Record","tblDELIVERY_CHILD","child_id","1017","child_id = 1017"
"Logic","Unexpected Record","tblDELIVERY_CHILD","child_id"," ","child_id =  "
"Table Structure","Unexpected Variable","tblDELIVERY_MUM","forced_errors","",""
"Logic","Out of Range","tblDELIVERY_MUM","preg_seq","1002","preg_seq=x"
"Logic","Out of Range","tblDELIVERY_MUM","preg_seq","1004","preg_seq=99"
"Logic","Out of Range","tblDELIVERY_MUM","preg_seq","1003","preg_seq=0"
"Logic","Out of Range","tblDELIVERY_MUM","rom_dur","1002","rom_dur=88"
"Logic","Out of Range","tblDELIVERY_MUM","rom_dur","1004","rom_dur=50"
"Logic","Out of Range","tblDELIVERY_MUM","rom_dur","1003","rom_dur=-1"
"Value Error","Unexpected Code","tblDELIVERY_MUM","rom_dur_a","1003","rom_dur_a=X"
"Value Error","Unexpected Code","tblDELIVERY_MUM","deliv_location","1002","deliv_location=x"
"Value Error","Unexpected Code","tblDELIVERY_MUM","planned_home","1003","planned_home=X"
"Value Error","Unexpected Code","tblDELIVERY_MUM","deliv_assist","1003","deliv_assist=X"
"Value Error","Unexpected Code","tblDELIVERY_MUM","tear_y","1001","tear_y=12"
"Value Error","Unexpected Code","tblDELIVERY_MUM","tear_y","1002","tear_y=999"
"Table Structure","Unexpected Variable","tblLAB","forced_error","",""
"Value Error","Unexpected Type","tblLAB","lab_d","146","lab_d=X&type=date"
"Logic","Date in the Future","tblLAB","lab_d","147","databaseclose=2013-12-01&lab_d=2015-06-06"
"Value Error","Unexpected Code","tblLAB","lab_d_a","146","lab_d_a=X"
"Value Error","Unexpected Code","tblLAB","lab_id","133","lab_id=NA+1"
"Value Error","Unexpected Code","tblLAB","lab_id","146","lab_id=X"
"Value Error","Unexpected Code","tblLAB","lab_v","105","lab_v=5"
"Value Error","Unexpected Code","tblLAB","lab_v","106","lab_v=6"
"Value Error","Unexpected Code","tblLAB","lab_v","107","lab_v=7"
"Value Error","Unexpected Code","tblLAB","lab_v","108","lab_v=8"
"Value Error","Unexpected Code","tblLAB","lab_v","110","lab_v=10"
"Value Error","Unexpected Code","tblLAB","lab_v","111","lab_v=11"
"Value Error","Unexpected Code","tblLAB","lab_v","112","lab_v=12"
"Value Error","Unexpected Code","tblLAB","lab_v","113","lab_v=13"
"Value Error","Unexpected Code","tblLAB","lab_v","114","lab_v=14"
"Value Error","Unexpected Code","tblLAB","lab_v","115","lab_v=15"
"Value Error","Unexpected Code","tblLAB","lab_v","116","lab_v=16"
"Value Error","Unexpected Code","tblLAB","lab_v","117","lab_v=17"
"Value Error","Unexpected Code","tblLAB","lab_v","118","lab_v=18"
"Value Error","Unexpected Code","tblLAB","lab_v","119","lab_v=19"
"Value Error","Unexpected Code","tblLAB","lab_v","120","lab_v=20"
"Value Error","Unexpected Code","tblLAB","lab_v","121","lab_v=21"
"Value Error","Unexpected Code","tblLAB","lab_v","122","lab_v=22"
"Value Error","Unexpected Code","tblLAB","lab_v","123","lab_v=23"
"Value Error","Unexpected Code","tblLAB","lab_v","124","lab_v=24"
"Value Error","Unexpected Code","tblLAB","lab_v","125","lab_v=25"
"Value Error","Unexpected Code","tblLAB","lab_v","126","lab_v=26"
"Value Error","Unexpected Code","tblLAB","lab_v","127","lab_v=27"
"Value Error","Unexpected Code","tblLAB","lab_v","128","lab_v=28"
"Value Error","Unexpected Code","tblLAB","lab_v","129","lab_v=29"
"Value Error","Unexpected Code","tblLAB","lab_v","130","lab_v=30"
"Value Error","Unexpected Code","tblLAB","lab_v","131","lab_v=31"
"Value Error","Unexpected Code","tblLAB","lab_v","132","lab_v=32"
"Value Error","Unexpected Code","tblLAB","lab_v","133","lab_v=33"
"Value Error","Unexpected Code","tblLAB","lab_v","134","lab_v=34"
"Value Error","Unexpected Code","tblLAB","lab_v","135","lab_v=35"
"Value Error","Unexpected Code","tblLAB","lab_v","136","lab_v=36"
"Value Error","Unexpected Code","tblLAB","lab_v","137","lab_v=37"
"Value Error","Unexpected Code","tblLAB","lab_v","138","lab_v=38"
"Value Error","Unexpected Code","tblLAB","lab_v","139","lab_v=39"
"Value Error","Unexpected Code","tblLAB","lab_v","140","lab_v=40"
"Value Error","Unexpected Code","tblLAB","lab_v","141","lab_v=41"
"Value Error","Unexpected Code","tblLAB","lab_v","142","lab_v=42"
"Value Error","Unexpected Code","tblLAB","lab_v","143","lab_v=43"
"Value Error","Unexpected Code","tblLAB","lab_v","144","lab_v=44"
"Value Error","Unexpected Code","tblLAB","lab_v","145","lab_v=45"
"Value Error","Unexpected Code","tblLAB","lab_v","146","lab_v=X"
"Value Error","Unexpected Code","tblLAB","lab_v","147","lab_v=44"
"Value Error","Unexpected Code","tblLAB","lab_u","100","lab_u=0"
"Value Error","Unexpected Code","tblLAB","lab_u","105","lab_u=0"
"Value Error","Unexpected Code","tblLAB","lab_u","110","lab_u=0"
"Value Error","Unexpected Code","tblLAB","lab_u","115","lab_u=0"
"Value Error","Unexpected Code","tblLAB","lab_u","120","lab_u=0"
"Value Error","Unexpected Code","tblLAB","lab_u","125","lab_u=0"
"Value Error","Unexpected Code","tblLAB","lab_u","130","lab_u=0"
"Value Error","Unexpected Code","tblLAB","lab_u","135","lab_u=0"
"Value Error","Unexpected Code","tblLAB","lab_u","140","lab_u=0"
"Value Error","Unexpected Code","tblLAB","lab_u","145","lab_u=0"
"Value Error","Unexpected Code","tblLAB","lab_u","146","lab_u=C"
"Value Error","Unexpected Code","tblLAB","lab_u","147","lab_u=0"
"Value Error","Unexpected Code","tblLAB","lab_fa","146","lab_fa=x"
"Value Error","Unexpected Code","tblLAB","lab_st","146","lab_st=x"
"Value Error","Unexpected Code","tblLAB","lab_st","147","lab_st= "
"Value Error","Unexpected Code","tblLAB","drug_res","146","drug_res=x"
"Value Error","Unexpected Code","tblLAB","tb_drug","146","tb_drug=x"
"Table Structure","Unexpected Variable","tblCANC","ldr_forced_errors","",""
"Value Error","Unexpected Type","tblCANC","canc_d","9002","canc_d=2010-01-40&type=date"
"Value Error","Unexpected Type","tblCANC","canc_d","9003","canc_d=2010-01-40&type=date"
"Logic","Out of Order","tblCANC & tblBAS","birth_d&canc_d","101","birth_d=2001-01-03&canc_d=2000-01-01"
"Logic","Out of Order","tblCANC & tblBAS","birth_d&canc_d","102","birth_d=2001-01-04&canc_d=2001-01-01"
"Logic","Out of Order","tblCANC & tblBAS","birth_d&canc_d","9004","birth_d=2001-01-01&canc_d=1999-01-01"
"Logic","Date in the Future","tblCANC","canc_d","9001","databaseclose=2013-12-01&canc_d=2020-01-01"
"Logic","Duplicate Record","tblCANC","patient&canc_d&canc_type","109","patient=109&canc_d=2008-10-01&canc_type=SKIN"
"Logic","Duplicate Record","tblCANC","patient&canc_d&canc_type","109","patient=109&canc_d=2008-10-01&canc_type=SKIN"
"Value Error","Unexpected Code","tblCANC","canc_d_a","9002","canc_d_a=X"
"Value Error","Unexpected Code","tblCANC","canc_d_a","9003","canc_d_a=X"
"Value Error","Unexpected Code","tblCANC","canc_type","9002","canc_type=XXX"
"Value Error","Unexpected Code","tblCANC","canc_type","9003","canc_type=1"
"Value Error","Unexpected Code","tblCANC","canc_cert","9002","canc_cert=777"
"Value Error","Unexpected Code","tblCANC","canc_cert","9003","canc_cert=x"
"Value Error","Unexpected Code","tblCANC","canc_extent","9002","canc_extent=777"
"Value Error","Unexpected Code","tblCANC","canc_extent","9003","canc_extent=y "
"Value Error","Unexpected Code","tblCANC","canc_tx","9002","canc_tx=777"
"Value Error","Unexpected Code","tblCANC","canc_tx","9003","canc_tx=z"
"Table Structure","Unexpected Variable","tblCEP","forced_errors","",""
"Value Error","Unexpected Type","tblCEP","cep_d","114","cep_d=2016-01-40&type=date"
"Logic","Out of Order","tblCEP & tblBAS","birth_d&cep_d","9004","birth_d=2001-01-01&cep_d=1999-01-01"
"Logic","Date in the Future","tblCEP","cep_d","100","databaseclose=2013-12-01&cep_d=2016-01-10"
"Logic","Date in the Future","tblCEP","cep_d","101","databaseclose=2013-12-01&cep_d=2016-01-11"
"Logic","Date in the Future","tblCEP","cep_d","102","databaseclose=2013-12-01&cep_d=2016-01-12"
"Logic","Date in the Future","tblCEP","cep_d","103","databaseclose=2013-12-01&cep_d=2016-01-13"
"Logic","Date in the Future","tblCEP","cep_d","104","databaseclose=2013-12-01&cep_d=2016-01-14"
"Logic","Date in the Future","tblCEP","cep_d","105","databaseclose=2013-12-01&cep_d=2016-01-15"
"Logic","Date in the Future","tblCEP","cep_d","106","databaseclose=2013-12-01&cep_d=2016-01-16"
"Logic","Date in the Future","tblCEP","cep_d","107","databaseclose=2013-12-01&cep_d=2016-01-17"
"Logic","Date in the Future","tblCEP","cep_d","108","databaseclose=2013-12-01&cep_d=2016-01-18"
"Logic","Date in the Future","tblCEP","cep_d","109","databaseclose=2013-12-01&cep_d=2016-01-19"
"Logic","Date in the Future","tblCEP","cep_d","110","databaseclose=2013-12-01&cep_d=2016-01-20"
"Logic","Date in the Future","tblCEP","cep_d","111","databaseclose=2013-12-01&cep_d=2016-01-21"
"Logic","Date in the Future","tblCEP","cep_d","112","databaseclose=2013-12-01&cep_d=2016-01-22"
"Logic","Date in the Future","tblCEP","cep_d","113","databaseclose=2013-12-01&cep_d=2016-01-23"
"Logic","Date in the Future","tblCEP","cep_d","115","databaseclose=2013-12-01&cep_d=2099-01-01"
"Logic","Date in the Future","tblCEP","cep_d","116","databaseclose=2013-12-01&cep_d=2016-01-14"
"Logic","Date in the Future","tblCEP","cep_d","116","databaseclose=2013-12-01&cep_d=2016-01-14"
"Logic","Date in the Future","tblCEP","cep_d","117","databaseclose=2013-12-01&cep_d=2016-01-14"
"Logic","Date in the Future","tblCEP","cep_d","118","databaseclose=2013-12-01&cep_d=2016-01-15"
"Logic","Date in the Future","tblCEP","cep_d","118","databaseclose=2013-12-01&cep_d=2016-01-15"
"Logic","Date in the Future","tblCEP","cep_d","119","databaseclose=2013-12-01&cep_d=2016-01-16"
"Logic","Date in the Future","tblCEP","cep_d","120","databaseclose=2013-12-01&cep_d=2016-01-17"
"Logic","Date in the Future","tblCEP","cep_d","121","databaseclose=2013-12-01&cep_d=2016-01-18"
"Logic","Date in the Future","tblCEP","cep_d","122","databaseclose=2013-12-01&cep_d=2016-01-19"
"Logic","Date in the Future","tblCEP","cep_d","123","databaseclose=2013-12-01&cep_d=2016-01-20"
"Logic","Date in the Future","tblCEP","cep_d","124","databaseclose=2013-12-01&cep_d=2016-01-21"
"Logic","Date in the Future","tblCEP","cep_d","125","databaseclose=2013-12-01&cep_d=2016-01-22"
"Logic","Date in the Future","tblCEP","cep_d","126","databaseclose=2013-12-01&cep_d=2016-01-23"
"Logic","Date in the Future","tblCEP","cep_d","127","databaseclose=2013-12-01&cep_d=2016-01-24"
"Logic","Date in the Future","tblCEP","cep_d","128","databaseclose=2013-12-01&cep_d=2016-01-25"
"Logic","Date in the Future","tblCEP","cep_d","129","databaseclose=2013-12-01&cep_d=2016-01-26"
"Logic","Date in the Future","tblCEP","cep_d","130","databaseclose=2013-12-01&cep_d=2016-01-27"
"Logic","Date in the Future","tblCEP","cep_d","131","databaseclose=2013-12-01&cep_d=2016-01-28"
"Logic","Date in the Future","tblCEP","cep_d","132","databaseclose=2013-12-01&cep_d=2016-01-29"
"Logic","Date in the Future","tblCEP","cep_d","133","databaseclose=2013-12-01&cep_d=2016-01-30"
"Logic","Date in the Future","tblCEP","cep_d","134","databaseclose=2013-12-01&cep_d=2016-01-31"
"Logic","Date in the Future","tblCEP","cep_d","135","databaseclose=2013-12-01&cep_d=2016-02-01"
"Logic","Date in the Future","tblCEP","cep_d","136","databaseclose=2013-12-01&cep_d=2016-02-02"
"Logic","Date in the Future","tblCEP","cep_d","137","databaseclose=2013-12-01&cep_d=2016-02-03"
"Logic","Date in the Future","tblCEP","cep_d","138","databaseclose=2013-12-01&cep_d=2016-02-04"
"Logic","Date in the Future","tblCEP","cep_d","139","databaseclose=2013-12-01&cep_d=2016-02-05"
"Logic","Date in the Future","tblCEP","cep_d","140","databaseclose=2013-12-01&cep_d=2016-02-06"
"Logic","Date in the Future","tblCEP","cep_d","141","databaseclose=2013-12-01&cep_d=2016-02-07"
"Logic","Date in the Future","tblCEP","cep_d","142","databaseclose=2013-12-01&cep_d=2016-02-08"
"Logic","Date in the Future","tblCEP","cep_d","143","databaseclose=2013-12-01&cep_d=2016-02-09"
"Logic","Date in the Future","tblCEP","cep_d","144","databaseclose=2013-12-01&cep_d=2016-02-10"
"Logic","Date in the Future","tblCEP","cep_d","145","databaseclose=2013-12-01&cep_d=2016-02-11"
"Logic","Date in the Future","tblCEP","cep_d","146","databaseclose=2013-12-01&cep_d=2016-02-12"
"Logic","Date in the Future","tblCEP","cep_d","147","databaseclose=2013-12-01&cep_d=2016-02-13"
"Logic","Date in the Future","tblCEP","cep_d","148","databaseclose=2013-12-01&cep_d=2016-02-14"
"Logic","Date in the Future","tblCEP","cep_d","149","databaseclose=2013-12-01&cep_d=2016-02-15"
"Logic","Date in the Future","tblCEP","cep_d","150","databaseclose=2013-12-01&cep_d=2016-02-16"
"Logic","Date in the Future","tblCEP","cep_d","151","databaseclose=2013-12-01&cep_d=2016-02-17"
"Logic","Date in the Future","tblCEP","cep_d","152","databaseclose=2013-12-01&cep_d=2016-02-18"
"Logic","Date in the Future","tblCEP","cep_d","153","databaseclose=2013-12-01&cep_d=2016-02-19"
"Logic","Date in the Future","tblCEP","cep_d","154","databaseclose=2013-12-01&cep_d=2016-02-20"
"Logic","Date in the Future","tblCEP","cep_d","155","databaseclose=2013-12-01&cep_d=2016-02-21"
"Logic","Date in the Future","tblCEP","cep_d","156","databaseclose=2013-12-01&cep_d=2016-02-22"
"Logic","Date in the Future","tblCEP","cep_d","157","databaseclose=2013-12-01&cep_d=2016-02-23"
"Logic","Date in the Future","tblCEP","cep_d","158","databaseclose=2013-12-01&cep_d=2016-02-24"
"Logic","Date in the Future","tblCEP","cep_d","159","databaseclose=2013-12-01&cep_d=2016-02-25"
"Logic","Date in the Future","tblCEP","cep_d","160","databaseclose=2013-12-01&cep_d=2016-02-26"
"Logic","Date in the Future","tblCEP","cep_d","161","databaseclose=2013-12-01&cep_d=2016-02-27"
"Logic","Date in the Future","tblCEP","cep_d","162","databaseclose=2013-12-01&cep_d=2016-02-28"
"Logic","Date in the Future","tblCEP","cep_d","163","databaseclose=2013-12-01&cep_d=2016-02-29"
"Logic","Date in the Future","tblCEP","cep_d","164","databaseclose=2013-12-01&cep_d=2016-03-01"
"Logic","Date in the Future","tblCEP","cep_d","165","databaseclose=2013-12-01&cep_d=2016-03-02"
"Logic","Date in the Future","tblCEP","cep_d","166","databaseclose=2013-12-01&cep_d=2016-03-03"
"Logic","Date in the Future","tblCEP","cep_d","167","databaseclose=2013-12-01&cep_d=2016-03-04"
"Logic","Date in the Future","tblCEP","cep_d","168","databaseclose=2013-12-01&cep_d=2016-03-05"
"Logic","Date in the Future","tblCEP","cep_d","169","databaseclose=2013-12-01&cep_d=2016-03-06"
"Logic","Date in the Future","tblCEP","cep_d","170","databaseclose=2013-12-01&cep_d=2016-03-07"
"Logic","Date in the Future","tblCEP","cep_d","171","databaseclose=2013-12-01&cep_d=2016-03-08"
"Logic","Date in the Future","tblCEP","cep_d","172","databaseclose=2013-12-01&cep_d=2016-03-09"
"Logic","Date in the Future","tblCEP","cep_d","173","databaseclose=2013-12-01&cep_d=2016-03-10"
"Logic","Date in the Future","tblCEP","cep_d","174","databaseclose=2013-12-01&cep_d=2016-03-11"
"Logic","Date in the Future","tblCEP","cep_d","175","databaseclose=2013-12-01&cep_d=2016-03-12"
"Logic","Date in the Future","tblCEP","cep_d","176","databaseclose=2013-12-01&cep_d=2016-03-13"
"Logic","Date in the Future","tblCEP","cep_d","177","databaseclose=2013-12-01&cep_d=2016-03-14"
"Logic","Date in the Future","tblCEP","cep_d","178","databaseclose=2013-12-01&cep_d=2016-03-15"
"Logic","Date in the Future","tblCEP","cep_d","179","databaseclose=2013-12-01&cep_d=2016-03-16"
"Logic","Date in the Future","tblCEP","cep_d","180","databaseclose=2013-12-01&cep_d=2016-03-17"
"Logic","Date in the Future","tblCEP","cep_d","181","databaseclose=2013-12-01&cep_d=2016-03-18"
"Logic","Date in the Future","tblCEP","cep_d","182","databaseclose=2013-12-01&cep_d=2016-03-19"
"Logic","Date in the Future","tblCEP","cep_d","183","databaseclose=2013-12-01&cep_d=2016-03-20"
"Logic","Date in the Future","tblCEP","cep_d","184","databaseclose=2013-12-01&cep_d=2016-03-21"
"Logic","Date in the Future","tblCEP","cep_d","185","databaseclose=2013-12-01&cep_d=2016-03-22"
"Logic","Date in the Future","tblCEP","cep_d","186","databaseclose=2013-12-01&cep_d=2016-03-23"
"Logic","Date in the Future","tblCEP","cep_d","187","databaseclose=2013-12-01&cep_d=2016-03-24"
"Logic","Date in the Future","tblCEP","cep_d","188","databaseclose=2013-12-01&cep_d=2016-03-25"
"Logic","Date in the Future","tblCEP","cep_d","189","databaseclose=2013-12-01&cep_d=2016-03-26"
"Logic","Date in the Future","tblCEP","cep_d","190","databaseclose=2013-12-01&cep_d=2016-03-27"
"Logic","Date in the Future","tblCEP","cep_d","191","databaseclose=2013-12-01&cep_d=2016-03-28"
"Logic","Date in the Future","tblCEP","cep_d","192","databaseclose=2013-12-01&cep_d=2016-03-29"
"Logic","Date in the Future","tblCEP","cep_d","193","databaseclose=2013-12-01&cep_d=2016-03-30"
"Logic","Date in the Future","tblCEP","cep_d","194","databaseclose=2013-12-01&cep_d=2016-03-31"
"Logic","Date in the Future","tblCEP","cep_d","195","databaseclose=2013-12-01&cep_d=2016-04-01"
"Logic","Date in the Future","tblCEP","cep_d","196","databaseclose=2013-12-01&cep_d=2016-04-02"
"Logic","Date in the Future","tblCEP","cep_d","197","databaseclose=2013-12-01&cep_d=2016-04-03"
"Logic","Date in the Future","tblCEP","cep_d","198","databaseclose=2013-12-01&cep_d=2016-04-04"
"Logic","Date in the Future","tblCEP","cep_d","199","databaseclose=2013-12-01&cep_d=2016-04-05"
"Logic","Date in the Future","tblCEP","cep_d","200","databaseclose=2013-12-01&cep_d=2016-04-06"
"Logic","Date in the Future","tblCEP","cep_d","201","databaseclose=2013-12-01&cep_d=2016-04-07"
"Logic","Date in the Future","tblCEP","cep_d","202","databaseclose=2013-12-01&cep_d=2016-04-08"
"Logic","Date in the Future","tblCEP","cep_d","203","databaseclose=2013-12-01&cep_d=2016-04-09"
"Logic","Date in the Future","tblCEP","cep_d","204","databaseclose=2013-12-01&cep_d=2016-04-10"
"Logic","Date in the Future","tblCEP","cep_d","205","databaseclose=2013-12-01&cep_d=2016-04-11"
"Logic","Date in the Future","tblCEP","cep_d","206","databaseclose=2013-12-01&cep_d=2016-04-12"
"Logic","Date in the Future","tblCEP","cep_d","207","databaseclose=2013-12-01&cep_d=2016-04-13"
"Logic","Date in the Future","tblCEP","cep_d","208","databaseclose=2013-12-01&cep_d=2016-04-14"
"Logic","Date in the Future","tblCEP","cep_d","209","databaseclose=2013-12-01&cep_d=2016-04-15"
"Logic","Duplicate Record","tblCEP","patient&cep_d&cep_id","118","patient=118&cep_d=2016-01-15&cep_id=AMI"
"Value Error","Unexpected Code","tblCEP","cep_d_a","114","cep_d_a=X"
"Value Error","Unexpected Code","tblCEP","cep_id_cep_spec","116","cep_id_cep_spec=HEP-IIIIIIII"
"Value Error","Unexpected Code","tblCEP","cep_id_cep_spec","206","cep_id_cep_spec=STR-XXXX"
"Value Error","Unexpected Code","tblCEP","cep_id_cep_spec","207","cep_id_cep_spec=STR-YYYY"
"Value Error","Unexpected Code","tblCEP","cep_id_cep_spec","208","cep_id_cep_spec=STR-ZZZZ"
"Value Error","Unexpected Code","tblCEP","cep_id_cep_spec","209","cep_id_cep_spec=USAB-NONO"
"Table Structure","Unexpected Variable","tblDIS_TB","tbtx_d_a","",""
"Table Structure","Unexpected Variable","tblDIS_TB","forced_errors","",""
"Value Error","Unexpected Type","tblDIS_TB","tbtx_sd","117","tbtx_sd=2010-40-40&type=date"
"Value Error","Unexpected Type","tblDIS_TB","tbtx_ed","117","tbtx_ed=2010-40-40&type=date"
"Value Error","Unexpected Type","tblDIS_TB","tbdx_d","117","tbdx_d=2010-40-40&type=date"
"Logic","Out of Order","tblDIS_TB","tbtx_sd&tbtx_ed","114","tbtx_sd=2012-01-15&tbtx_ed=2010-01-14"
"Logic","Out of Order","tblDIS_TB","tbdx_d&tbtx_sd","116","tbdx_d=2010-02-16&tbtx_sd=2010-01-16"
"Value Error","Unexpected Code","tblDIS_TB","tbtx_sd_a","117","tbtx_sd_a=X"
"Value Error","Unexpected Code","tblDIS_TB","tbtx_ed_a","117","tbtx_ed_a=X"
"Value Error","Unexpected Code","tblDIS_TB","tbsite","115","tbsite=7"
"Value Error","Unexpected Code","tblDIS_TB","tbsite","116","tbsite=7"
"Value Error","Unexpected Code","tblDIS_TB","tbsite","117","tbsite=X"
"Value Error","Unexpected Code","tblDIS_TB","extra_site","117","extra_site=98"
"Value Error","Unexpected Code","tblDIS_TB","inh_res_y","117","inh_res_y=98"
"Value Error","Unexpected Code","tblDIS_TB","rif_res_y","117","rif_res_y=98"
"Value Error","Unexpected Code","tblDIS_TB","intermit","101","intermit=0"
"Value Error","Unexpected Code","tblDIS_TB","intermit","109","intermit=8"
"Value Error","Unexpected Code","tblDIS_TB","intermit","112","intermit=0"
"Value Error","Unexpected Code","tblDIS_TB","intermit","117","intermit=98"
"Value Error","Unexpected Code","tblDIS_TB","tb_outcome","117","tb_outcome=98"
"Value Error","Unexpected Code","tblDIS_TB","extra_site","117","extra_site=98"
"Table Structure","Unexpected Variable","tblLAB_BP","forced_errors","",""
"Value Error","Unexpected Type","tblLAB_BP","bp_d","146","bp_d=X&type=date"
"Value Error","Unexpected Code","tblLAB_BP","bp_d_a","146","bp_d_a=X"
"Value Error","Unexpected Code","tblLAB_BP","bp_u","146","bp_u=x"
"Table Structure","Unexpected Variable","tblLAB_VIRO","forced_errors","",""
"Value Error","Unexpected Type","tblLAB_VIRO","vs_d","146","vs_d=X&type=date"
"Logic","Date in the Future","tblLAB_VIRO","vs_d","147","databaseclose=2013-12-01&vs_d=2015-06-06"
"Value Error","Unexpected Code","tblLAB_VIRO","vs_d_a","146","vs_d_a=X"
"Value Error","Unexpected Code","tblLAB_VIRO","vs_id","146","vs_id=x"
"Value Error","Unexpected Code","tblLAB_VIRO","vs_st","146","vs_st=Z"
"Value Error","Unexpected Code","tblLAB_VIRO","vs_st","147","vs_st=9"
"Table Structure","Unexpected Variable","tblLAB_RES","forced_errors","",""
"Value Error","Unexpected Type","tblLAB_RES","sample_d","146","sample_d=X&type=date"
"Value Error","Unexpected Type","tblLAB_RES","sample_d","147","sample_d=X&type=date"
"Logic","Date in the Future","tblLAB_RES","sample_d","148","databaseclose=2013-12-01&sample_d=2015-06-06"
"Value Error","Unexpected Type","tblLAB_RES","testtype","146","testtype=a&type=numeric"
"Value Error","Unexpected Code","tblLAB_RES","sample_d_a","146","sample_d_a=X"
"Value Error","Unexpected Code","tblLAB_RES","sample_d_a","147","sample_d_a=X"
"Value Error","Unexpected Code","tblLAB_RES","testtype","146","testtype=a"
"Value Error","Unexpected Code","tblLAB_RES","testtype","147","testtype=999"
"Value Error","Unexpected Code","tblLAB_RES","virustype","146","virustype=b"
"Value Error","Unexpected Code","tblLAB_RES","virustype","147","virustype=999"
"Table Structure","Unexpected Variable","tblLAB_RES_LVL_2","forced_errors","",""
"Value Error","Unexpected Code","tblLAB_RES_LVL_2","gene","x","gene=xx"
"Value Error","Unexpected Code","tblLAB_RES_LVL_2","gene","x","gene=xx"
"Value Error","Unexpected Code","tblLAB_RES_LVL_2","aa_pos_sub","x","aa_pos_sub=9"
"Value Error","Unexpected Code","tblLAB_RES_LVL_2","aa_pos_sub","x","aa_pos_sub=9"
"Table Structure","Unexpected Variable","tblLAB_RES_LVL_3","forced_errors","",""
"Value Error","Unexpected Code","tblLAB_RES_LVL_3","res_scor_id","x","res_scor_id=x"
"Value Error","Unexpected Code","tblLAB_RES_LVL_3","atc_code","x","atc_code=xx"
"Table Structure","Unexpected Variable","tblMED","forced_errors","",""
"Value Error","Unexpected Type","tblMED","med_sd","217","med_sd=X&type=date"
"Value Error","Unexpected Type","tblMED","med_ed","217","med_ed=X&type=date"
"Value Error","Unexpected Code","tblMED","med_sd_a","217","med_sd_a=X"
"Value Error","Unexpected Code","tblMED","med_ed_a","217","med_ed_a=X"
"Value Error","Unexpected Code","tblMED","med_id","217","med_id=x"
"Table Structure","Unexpected Variable","tblNEWBORN_ABNORM ","forced_errors","",""
"Value Error","Unexpected Code","tblNEWBORN_ABNORM ","abnorm1","100035","abnorm1=999"
"Value Error","Unexpected Code","tblNEWBORN_ABNORM ","abnorm2","100035","abnorm2=999"
"Value Error","Unexpected Code","tblNEWBORN_ABNORM ","abnorm3","100035","abnorm3=999"
"Value Error","Unexpected Code","tblNEWBORN_ABNORM ","abnorm4","100035","abnorm4=999"
"Value Error","Unexpected Code","tblNEWBORN_ABNORM ","abnorm5","100035","abnorm5=999"
"Table Structure","Unexpected Variable","tblNEWBORN","forced_errors","",""
"Value Error","Unexpected Code","tblNEWBORN","entry_pmtct_y","100036","entry_pmtct_y=999"
"Value Error","Unexpected Code","tblNEWBORN","prenat_mtct_y","100036","prenat_mtct_y=999"
"Value Error","Unexpected Code","tblNEWBORN","infant_mtct_y","100036","infant_mtct_y=999"
"Value Error","Unexpected Code","tblNEWBORN","infant_mtct_dur","100036","infant_mtct_dur=999"
"Value Error","Unexpected Code","tblNEWBORN","postpar_mtct_y","100036","postpar_mtct_y=999"
"Value Error","Unexpected Code","tblNEWBORN","breastfd_y","100036","breastfd_y=999"
"Value Error","Unexpected Code","tblNEWBORN","abnorm_y","100036","abnorm_y=9999"
"logic","Inconsistent values","tblNEWBORN","infant_mtct_dur","100010","infant_mtct_dur=0: infant_mtct_dur value not consistent with infant_mtct_y= 0"
"logic","Inconsistent values","tblNEWBORN","infant_mtct_dur","100017","infant_mtct_dur=99: infant_mtct_dur value not consistent with infant_mtct_y= 0"
"logic","Inconsistent values","tblNEWBORN","infant_mtct_dur","100023","infant_mtct_dur=1: infant_mtct_dur value not consistent with infant_mtct_y= 99"
"logic","Inconsistent values","tblNEWBORN","infant_mtct_dur","100030","infant_mtct_dur=0: infant_mtct_dur value not consistent with infant_mtct_y= 99"
"logic","Inconsistent values","tblNEWBORN","infant_mtct_dur","100031","infant_mtct_dur=1: infant_mtct_dur value not consistent with infant_mtct_y= 0"
"logic","Inconsistent values","tblNEWBORN","infant_mtct_dur","100012","infant_mtct_dur=88: infant_mtct_dur value not consistent with infant_mtct_y= 11"
"logic","Inconsistent values","tblNEWBORN","infant_mtct_dur","100020","infant_mtct_dur=88: infant_mtct_dur value not consistent with infant_mtct_y= 12"
"logic","Inconsistent values","tblNEWBORN","infant_mtct_dur","100028","infant_mtct_dur=88: infant_mtct_dur value not consistent with infant_mtct_y= 13"
"logic","Inconsistent values","tblNEWBORN","infant_mtct_dur","100032","infant_mtct_dur=88: infant_mtct_dur value not consistent with infant_mtct_y= 10"
"logic","Inconsistent values","tblNEWBORN","infant_mtct_dur","100036","infant_mtct_dur=999: infant_mtct_dur value not consistent with infant_mtct_y= 999"
"Logic","Missing Record","tblNEWBORN","child_id has abnorm_y","100040","child_id = 100040 has abnorm_y=1 and no row in tblNEWBORN_ABNORM"
"Table Structure","Unexpected Variable","tblPREG_OUT","forced_errors","",""
"Table Structure","Missing Variable","tblPREG_OUT","XXX_childnotincarehivstatus","",""
"Value Error","Unexpected Type","tblPREG_OUT","outcom_d","1007","outcom_d=x&type=date"
"Logic","Out of Order","tblPREG_OUT & tblLTFU","outcom_d&death_d","1000","outcom_d=2014-01-01&death_d=2000-01-01"
"Logic","Out of Range","tblPREG_OUT","preg_seq","1007","preg_seq=99"
"Value Error","Unexpected Code","tblPREG_OUT","outcom","1007","outcom=x"
"Value Error","Unexpected Code","tblPREG_OUT","outcom_d_a","1007","outcom_d_a=x"
"Logic","Out of Range","tblPREG_OUT","b_gagew","1007","b_gagew=99"
"Logic","Unexpected Record","tblPREG_OUT","mother_id_preg_seq","1006","mother_id_preg_seq = mother_id: 1006 / preg_seq:  7"
"Logic","Unexpected Record","tblPREG_OUT","mother_id_preg_seq","1007","mother_id_preg_seq = mother_id: 1007 / preg_seq:  99"
"Logic","Unexpected Record","tblPREG_OUT","mother_id_preg_seq","1008","mother_id_preg_seq = mother_id: 1008 / preg_seq:  7"
"Logic","Unexpected Record","tblPREG_OUT","mother_id_preg_seq","1006","mother_id_preg_seq = mother_id: 1006 / preg_seq:  7"
"Logic","Unexpected Record","tblPREG_OUT","mother_id_preg_seq","1007","mother_id_preg_seq = mother_id: 1007 / preg_seq:  99"
"Logic","Unexpected Record","tblPREG_OUT","mother_id_preg_seq","1008","mother_id_preg_seq = mother_id: 1008 / preg_seq:  7"
"Table Structure","Unexpected Variable","tblPREG","forced_errors","",""
"Value Error","Unexpected Type","tblPREG","mens_d","1000","mens_d=4/1/2013&type=date"
"Value Error","Unexpected Type","tblPREG","mens_d","1001","mens_d=4/2/2013&type=date"
"Value Error","Unexpected Type","tblPREG","mens_d","1002","mens_d=4/3/2013&type=date"
"Value Error","Unexpected Type","tblPREG","mens_d","1003","mens_d=4/4/2013&type=date"
"Value Error","Unexpected Type","tblPREG","mens_d","1004","mens_d=4/5/2013&type=date"
"Value Error","Unexpected Type","tblPREG","mens_d","1005","mens_d=4/6/2013&type=date"
"Value Error","Unexpected Type","tblPREG","mens_d","1006","mens_d=4/7/2013&type=date"
"Value Error","Unexpected Type","tblPREG","mens_d","1007","mens_d=4/8/2013&type=date"
"Value Error","Unexpected Type","tblPREG","mens_d","1008","mens_d=4/9/2013&type=date"
"Value Error","Unexpected Type","tblPREG","mens_d","1010","mens_d=4/10/2013&type=date"
"Value Error","Unexpected Type","tblPREG","mens_d","1010","mens_d=4/10/2013&type=date"
"Value Error","Unexpected Type","tblPREG","mens_d","1011","mens_d=4/11/2013&type=date"
"Value Error","Unexpected Type","tblPREG","mens_d","1012","mens_d=4/12/2013&type=date"
"Value Error","Unexpected Type","tblPREG","mens_d","1013","mens_d=4/13/2013&type=date"
"Value Error","Unexpected Type","tblPREG","mens_d","1014","mens_d=4/14/2013&type=date"
"Value Error","Unexpected Type","tblPREG","mens_d","1014","mens_d=4/15/2013&type=date"
"Value Error","Unexpected Type","tblPREG","mens_d","1015","mens_d=4/16/2013&type=date"
"Value Error","Unexpected Type","tblPREG","mens_d","1016","mens_d=4/17/2013&type=date"
"Value Error","Unexpected Type","tblPREG","mens_d","1017","mens_d=4/18/2013&type=date"
"Value Error","Unexpected Type","tblPREG","mens_d","1018","mens_d=4/19/2013&type=date"
"Value Error","Unexpected Type","tblPREG","mens_d","1019","mens_d=4/19/2013&type=date"
"Logic","Out of Order","tblPREG & tblLTFU","est_concept_d&death_d","1000","est_concept_d=2013-05-15&death_d=2000-01-01"
"Logic","Out of Order","tblPREG & tblLTFU","est_concept_d&death_d","1000","est_concept_d=2013-04-16&death_d=2000-01-01"
"Logic","Out of Order","tblPREG & tblLTFU","est_concept_d&death_d","1000","est_concept_d=2013-04-17&death_d=2000-01-01"
"Logic","Out of Order","tblPREG & tblLTFU","est_concept_d&death_d","1000","est_concept_d=2013-04-19&death_d=2000-01-01"
"Logic","Out of Order","tblPREG & tblLTFU","est_concept_d&death_d","1000","est_concept_d=2013-04-20&death_d=2000-01-01"
"Logic","Out of Order","tblPREG & tblLTFU","est_concept_d&death_d","1000","est_concept_d=2013-04-21&death_d=2000-01-01"
"Logic","Out of Order","tblPREG & tblLTFU","est_concept_d&death_d","1000","est_concept_d=2013-04-22&death_d=2000-01-01"
"Logic","Out of Order","tblPREG & tblLTFU","est_concept_d&death_d","1000","est_concept_d=2013-04-26&death_d=2000-01-01"
"Logic","Out of Order","tblPREG & tblLTFU","est_concept_d&death_d","1000","est_concept_d=2013-04-27&death_d=2000-01-01"
"Logic","Out of Order","tblPREG & tblLTFU","est_concept_d&death_d","1000","est_concept_d=2013-04-28&death_d=2000-01-01"
"Logic","Out of Order","tblPREG & tblLTFU","est_concept_d&death_d","1000","est_concept_d=2013-04-29&death_d=2000-01-01"
"Logic","Out of Order","tblPREG & tblLTFU","est_concept_d&death_d","1010","est_concept_d=2013-05-15&death_d=2000-01-01"
"Logic","Out of Order","tblPREG & tblLTFU","est_concept_d&death_d","1010","est_concept_d=2013-04-16&death_d=2000-01-01"
"Logic","Out of Order","tblPREG & tblLTFU","est_concept_d&death_d","1010","est_concept_d=2013-04-17&death_d=2000-01-01"
"Logic","Out of Order","tblPREG & tblLTFU","est_concept_d&death_d","1010","est_concept_d=2013-04-19&death_d=2000-01-01"
"Logic","Out of Order","tblPREG & tblLTFU","est_concept_d&death_d","1010","est_concept_d=2013-04-20&death_d=2000-01-01"
"Logic","Out of Order","tblPREG & tblLTFU","est_concept_d&death_d","1010","est_concept_d=2013-04-21&death_d=2000-01-01"
"Logic","Out of Order","tblPREG & tblLTFU","est_concept_d&death_d","1010","est_concept_d=2013-04-22&death_d=2000-01-01"
"Logic","Out of Order","tblPREG & tblLTFU","est_concept_d&death_d","1010","est_concept_d=2013-04-26&death_d=2000-01-01"
"Logic","Out of Order","tblPREG & tblLTFU","est_concept_d&death_d","1010","est_concept_d=2013-04-27&death_d=2000-01-01"
"Logic","Out of Order","tblPREG & tblLTFU","est_concept_d&death_d","1010","est_concept_d=2013-04-28&death_d=2000-01-01"
"Logic","Out of Order","tblPREG & tblLTFU","est_concept_d&death_d","1010","est_concept_d=2013-04-29&death_d=2000-01-01"
"Logic","Out of Order","tblPREG & tblLTFU","est_concept_d&death_d","1015","est_concept_d=2013-05-15&death_d=2000-01-01"
"Logic","Out of Order","tblPREG & tblLTFU","est_concept_d&death_d","1015","est_concept_d=2013-04-16&death_d=2000-01-01"
"Logic","Out of Order","tblPREG & tblLTFU","est_concept_d&death_d","1015","est_concept_d=2013-04-17&death_d=2000-01-01"
"Logic","Out of Order","tblPREG & tblLTFU","est_concept_d&death_d","1015","est_concept_d=2013-04-19&death_d=2000-01-01"
"Logic","Out of Order","tblPREG & tblLTFU","est_concept_d&death_d","1015","est_concept_d=2013-04-20&death_d=2000-01-01"
"Logic","Out of Order","tblPREG & tblLTFU","est_concept_d&death_d","1015","est_concept_d=2013-04-21&death_d=2000-01-01"
"Logic","Out of Order","tblPREG & tblLTFU","est_concept_d&death_d","1015","est_concept_d=2013-04-22&death_d=2000-01-01"
"Logic","Out of Order","tblPREG & tblLTFU","est_concept_d&death_d","1015","est_concept_d=2013-04-26&death_d=2000-01-01"
"Logic","Out of Order","tblPREG & tblLTFU","est_concept_d&death_d","1015","est_concept_d=2013-04-27&death_d=2000-01-01"
"Logic","Out of Order","tblPREG & tblLTFU","est_concept_d&death_d","1015","est_concept_d=2013-04-28&death_d=2000-01-01"
"Logic","Out of Order","tblPREG & tblLTFU","est_concept_d&death_d","1015","est_concept_d=2013-04-29&death_d=2000-01-01"
"Logic","Out of Order","tblPREG & tblLTFU","anc_d&death_d","1000","anc_d=2013-04-15&death_d=2000-01-01"
"Logic","Out of Order","tblPREG & tblLTFU","anc_d&death_d","1000","anc_d=2013-05-16&death_d=2000-01-01"
"Logic","Out of Order","tblPREG & tblLTFU","anc_d&death_d","1000","anc_d=2013-05-17&death_d=2000-01-01"
"Logic","Out of Order","tblPREG & tblLTFU","anc_d&death_d","1000","anc_d=2013-05-19&death_d=2000-01-01"
"Logic","Out of Order","tblPREG & tblLTFU","anc_d&death_d","1000","anc_d=2013-05-20&death_d=2000-01-01"
"Logic","Out of Order","tblPREG & tblLTFU","anc_d&death_d","1000","anc_d=2013-05-21&death_d=2000-01-01"
"Logic","Out of Order","tblPREG & tblLTFU","anc_d&death_d","1000","anc_d=2013-05-22&death_d=2000-01-01"
"Logic","Out of Order","tblPREG & tblLTFU","anc_d&death_d","1000","anc_d=2013-05-26&death_d=2000-01-01"
"Logic","Out of Order","tblPREG & tblLTFU","anc_d&death_d","1000","anc_d=2013-05-27&death_d=2000-01-01"
"Logic","Out of Order","tblPREG & tblLTFU","anc_d&death_d","1000","anc_d=2013-05-28&death_d=2000-01-01"
"Logic","Out of Order","tblPREG & tblLTFU","anc_d&death_d","1000","anc_d=2013-05-29&death_d=2000-01-01"
"Logic","Out of Order","tblPREG & tblLTFU","anc_d&death_d","1010","anc_d=2013-04-15&death_d=2000-01-01"
"Logic","Out of Order","tblPREG & tblLTFU","anc_d&death_d","1010","anc_d=2013-05-16&death_d=2000-01-01"
"Logic","Out of Order","tblPREG & tblLTFU","anc_d&death_d","1010","anc_d=2013-05-17&death_d=2000-01-01"
"Logic","Out of Order","tblPREG & tblLTFU","anc_d&death_d","1010","anc_d=2013-05-19&death_d=2000-01-01"
"Logic","Out of Order","tblPREG & tblLTFU","anc_d&death_d","1010","anc_d=2013-05-20&death_d=2000-01-01"
"Logic","Out of Order","tblPREG & tblLTFU","anc_d&death_d","1010","anc_d=2013-05-21&death_d=2000-01-01"
"Logic","Out of Order","tblPREG & tblLTFU","anc_d&death_d","1010","anc_d=2013-05-22&death_d=2000-01-01"
"Logic","Out of Order","tblPREG & tblLTFU","anc_d&death_d","1010","anc_d=2013-05-26&death_d=2000-01-01"
"Logic","Out of Order","tblPREG & tblLTFU","anc_d&death_d","1010","anc_d=2013-05-27&death_d=2000-01-01"
"Logic","Out of Order","tblPREG & tblLTFU","anc_d&death_d","1010","anc_d=2013-05-28&death_d=2000-01-01"
"Logic","Out of Order","tblPREG & tblLTFU","anc_d&death_d","1010","anc_d=2013-05-29&death_d=2000-01-01"
"Logic","Out of Order","tblPREG & tblLTFU","anc_d&death_d","1015","anc_d=2013-04-15&death_d=2000-01-01"
"Logic","Out of Order","tblPREG & tblLTFU","anc_d&death_d","1015","anc_d=2013-05-16&death_d=2000-01-01"
"Logic","Out of Order","tblPREG & tblLTFU","anc_d&death_d","1015","anc_d=2013-05-17&death_d=2000-01-01"
"Logic","Out of Order","tblPREG & tblLTFU","anc_d&death_d","1015","anc_d=2013-05-19&death_d=2000-01-01"
"Logic","Out of Order","tblPREG & tblLTFU","anc_d&death_d","1015","anc_d=2013-05-20&death_d=2000-01-01"
"Logic","Out of Order","tblPREG & tblLTFU","anc_d&death_d","1015","anc_d=2013-05-21&death_d=2000-01-01"
"Logic","Out of Order","tblPREG & tblLTFU","anc_d&death_d","1015","anc_d=2013-05-22&death_d=2000-01-01"
"Logic","Out of Order","tblPREG & tblLTFU","anc_d&death_d","1015","anc_d=2013-05-26&death_d=2000-01-01"
"Logic","Out of Order","tblPREG & tblLTFU","anc_d&death_d","1015","anc_d=2013-05-27&death_d=2000-01-01"
"Logic","Out of Order","tblPREG & tblLTFU","anc_d&death_d","1015","anc_d=2013-05-28&death_d=2000-01-01"
"Logic","Out of Order","tblPREG & tblLTFU","anc_d&death_d","1015","anc_d=2013-05-29&death_d=2000-01-01"
"Logic","Out of Order","tblPREG & tblLTFU","preg_test_d&death_d","1000","preg_test_d=2013-05-01&death_d=2000-01-01"
"Logic","Out of Order","tblPREG & tblLTFU","preg_test_d&death_d","1000","preg_test_d=2013-05-02&death_d=2000-01-01"
"Logic","Out of Order","tblPREG & tblLTFU","preg_test_d&death_d","1000","preg_test_d=2013-05-03&death_d=2000-01-01"
"Logic","Out of Order","tblPREG & tblLTFU","preg_test_d&death_d","1000","preg_test_d=2013-05-05&death_d=2000-01-01"
"Logic","Out of Order","tblPREG & tblLTFU","preg_test_d&death_d","1000","preg_test_d=2013-05-06&death_d=2000-01-01"
"Logic","Out of Order","tblPREG & tblLTFU","preg_test_d&death_d","1000","preg_test_d=2013-05-07&death_d=2000-01-01"
"Logic","Out of Order","tblPREG & tblLTFU","preg_test_d&death_d","1000","preg_test_d=2013-05-08&death_d=2000-01-01"
"Logic","Out of Order","tblPREG & tblLTFU","preg_test_d&death_d","1000","preg_test_d=2013-05-12&death_d=2000-01-01"
"Logic","Out of Order","tblPREG & tblLTFU","preg_test_d&death_d","1000","preg_test_d=2013-05-13&death_d=2000-01-01"
"Logic","Out of Order","tblPREG & tblLTFU","preg_test_d&death_d","1000","preg_test_d=2013-05-14&death_d=2000-01-01"
"Logic","Out of Order","tblPREG & tblLTFU","preg_test_d&death_d","1000","preg_test_d=2013-05-15&death_d=2000-01-01"
"Logic","Out of Order","tblPREG & tblLTFU","preg_test_d&death_d","1010","preg_test_d=2013-05-01&death_d=2000-01-01"
"Logic","Out of Order","tblPREG & tblLTFU","preg_test_d&death_d","1010","preg_test_d=2013-05-02&death_d=2000-01-01"
"Logic","Out of Order","tblPREG & tblLTFU","preg_test_d&death_d","1010","preg_test_d=2013-05-03&death_d=2000-01-01"
"Logic","Out of Order","tblPREG & tblLTFU","preg_test_d&death_d","1010","preg_test_d=2013-05-05&death_d=2000-01-01"
"Logic","Out of Order","tblPREG & tblLTFU","preg_test_d&death_d","1010","preg_test_d=2013-05-06&death_d=2000-01-01"
"Logic","Out of Order","tblPREG & tblLTFU","preg_test_d&death_d","1010","preg_test_d=2013-05-07&death_d=2000-01-01"
"Logic","Out of Order","tblPREG & tblLTFU","preg_test_d&death_d","1010","preg_test_d=2013-05-08&death_d=2000-01-01"
"Logic","Out of Order","tblPREG & tblLTFU","preg_test_d&death_d","1010","preg_test_d=2013-05-12&death_d=2000-01-01"
"Logic","Out of Order","tblPREG & tblLTFU","preg_test_d&death_d","1010","preg_test_d=2013-05-13&death_d=2000-01-01"
"Logic","Out of Order","tblPREG & tblLTFU","preg_test_d&death_d","1010","preg_test_d=2013-05-14&death_d=2000-01-01"
"Logic","Out of Order","tblPREG & tblLTFU","preg_test_d&death_d","1010","preg_test_d=2013-05-15&death_d=2000-01-01"
"Logic","Out of Order","tblPREG & tblLTFU","preg_test_d&death_d","1015","preg_test_d=2013-05-01&death_d=2000-01-01"
"Logic","Out of Order","tblPREG & tblLTFU","preg_test_d&death_d","1015","preg_test_d=2013-05-02&death_d=2000-01-01"
"Logic","Out of Order","tblPREG & tblLTFU","preg_test_d&death_d","1015","preg_test_d=2013-05-03&death_d=2000-01-01"
"Logic","Out of Order","tblPREG & tblLTFU","preg_test_d&death_d","1015","preg_test_d=2013-05-05&death_d=2000-01-01"
"Logic","Out of Order","tblPREG & tblLTFU","preg_test_d&death_d","1015","preg_test_d=2013-05-06&death_d=2000-01-01"
"Logic","Out of Order","tblPREG & tblLTFU","preg_test_d&death_d","1015","preg_test_d=2013-05-07&death_d=2000-01-01"
"Logic","Out of Order","tblPREG & tblLTFU","preg_test_d&death_d","1015","preg_test_d=2013-05-08&death_d=2000-01-01"
"Logic","Out of Order","tblPREG & tblLTFU","preg_test_d&death_d","1015","preg_test_d=2013-05-12&death_d=2000-01-01"
"Logic","Out of Order","tblPREG & tblLTFU","preg_test_d&death_d","1015","preg_test_d=2013-05-13&death_d=2000-01-01"
"Logic","Out of Order","tblPREG & tblLTFU","preg_test_d&death_d","1015","preg_test_d=2013-05-14&death_d=2000-01-01"
"Logic","Out of Order","tblPREG & tblLTFU","preg_test_d&death_d","1015","preg_test_d=2013-05-15&death_d=2000-01-01"
"Logic","Out of Order","tblPREG & tblPREG","est_concept_d&preg_test_d","1000","est_concept_d=2013-05-15&preg_test_d=2013-05-01"
"Logic","Out of Order","tblPREG & tblPREG","preg_test_d&anc_d","1000","preg_test_d=2013-05-01&anc_d=2013-04-15"
"Logic","Date in the Future","tblPREG","preg_test_d","1018","databaseclose=2013-12-01&preg_test_d=2016-05-19"
"Logic","Date in the Future","tblPREG","preg_test_d","1019","databaseclose=2013-12-01&preg_test_d=2016-05-19"
"Logic","Duplicate Record","tblPREG","mother_id&est_concept_d&preg_seq","1010","mother_id=1010&est_concept_d=2013-04-24&preg_seq=1"
"Logic","Duplicate Record","tblPREG","mother_id&est_concept_d&preg_seq","1019","mother_id=1019&est_concept_d=2013-05-03&preg_seq=1"
"Value Error","Unexpected Code","tblPREG","mens_d_a","1002","mens_d_a=x"
"Value Error","Unexpected Code","tblPREG","mens_d_a","1007","mens_d_a=Y "
"Value Error","Unexpected Code","tblPREG","mens_d_a","1014","mens_d_a=Y "
"Value Error","Unexpected Code","tblPREG","est_concept_d_a","1002","est_concept_d_a=x"
"Value Error","Unexpected Code","tblPREG","est_concept_d_a","1007","est_concept_d_a=Y "
"Value Error","Unexpected Code","tblPREG","est_concept_d_a","1014","est_concept_d_a=Y "
"Value Error","Unexpected Code","tblPREG","anc_d_a","1002","anc_d_a=x"
"Value Error","Unexpected Code","tblPREG","anc_d_a","1007","anc_d_a=Y "
"Value Error","Unexpected Code","tblPREG","anc_d_a","1014","anc_d_a=Y "
"Value Error","Unexpected Code","tblPREG","preg_test_d_a","1002","preg_test_d_a=x"
"Value Error","Unexpected Code","tblPREG","preg_test_d_a","1007","preg_test_d_a=Y "
"Value Error","Unexpected Code","tblPREG","preg_test_d_a","1014","preg_test_d_a=Y "
"Value Error","Unexpected Code","tblPREG","ultr_1","1018","ultr_1=x"
"Value Error","Unexpected Code","tblPREG","ultr_2","1018","ultr_2=x"
"Value Error","Unexpected Code","tblPREG","ultr_3","1018","ultr_3=x"
